Link,Occurred,City,State,Country,Shape,Summary,Reported,Media,Explanation
Open,04-09-2025 18:01,Howrah,West Bengal,India,Circle,Seen from the window of a flat on the fourth floor of the apartment.,04-09-2025,,
Open,04-05-2025 22:15,Dindigul,Tamil Nadu,India,Circle,Strange Circle of Lights in Night Sky,04-05-2025,Y,Searchlight
Open,03/18/2025 20:06,Haridwar,Uttarakhand,India,Triangle,"Saw a silent, transparent/black triangular craft at night with 3 lights underneath it; vanished quickly.",03/18/2025,,
Open,03/18/2025 05:00,Ranchi,Jharkhand,India,Disk,I was waiting for my father when i saw a disk like object flying and it suddenly got missing .,03/18/2025,,
Open,03-11-2025 19:17,Gurugram,Haryana,India,Circle,Glowing Orb,03-11-2025,Y,ISS
Open,02-01-2025 23:59,Bengaluru,Karnataka,India,Unknown,"It looked like a drone ( I thought it was one , emitting white or red light , sometimes green ).",02-03-2025,,Drone?
Open,02-01-2025 18:05,Bengaluru,Karnataka,India,Cigar,I went to get my dry cleaned bed sheets from top of my house I saw the object moving at a speed of F-16 800-900 miles per hour,02-01-2025,,
Open,01/29/2025 20:36,Bheelon Ka Bedla,Rajasthan,India,Orb,"i saw several UFO coming from down to up, they flies randomly anywhere ,they are visible only for 4-5seconds then disappear",01/30/2025,Y,
Open,01/18/2025 18:15,Sunkarametta,Andhra Pradesh,India,Other,I was on a trip with my friends and we saw a flying object and took a picture of it,01/22/2025,Y,
Open,01-09-2025 19:28,Rajkot,Gujarat,India,Circle,Unidentified blue bigger than moon object with halo around it.,01-09-2025,Y,Camera Anomaly?
Open,01-04-2025 18:12,Bengaluru,Karnataka,India,Unknown,It looked like it was burning,01-04-2025,,
Open,12/24/2024 20:49,Thrissur,Kerala,India,Circle,"Saw the circle, noticed only 2, not clear to bare eye but noticeable, constantly colour changing and flashing",12/24/2024,,
Open,12/23/2024 23:03,Pune,Maharashtra,India,Circle,I saw there was a bright light above my balcony when i was going to hang my underwear to dry. Saw a blue light,12/23/2024,,
Open,12/22/2024 19:13,Kaniyapuram,Kerala,India,Disk,"Disk shaped object, blinking one red and two white lights, circling a specific area for hours.",12/22/2024,,
Open,12/21/2024 19:03,Kerala,,India,Star,"UAP spotted over Kerala, India",12/22/2024,,Satellite?
Open,12/21/2024 17:04,Jaipur,Rajasthan,India,Circle,I was flying kites and I see a circle white thing apear I thought it was plane when I check flight radar it was not,12/21/2024,,
Open,12/16/2024 17:30,Dibrugarh,Assam,India,Circle,Suddenly see the object coming from the star,12/18/2024,Y,
Open,12/16/2024 17:20,Nagaon,Assam,India,Circle,It was moving silently no sound nothing just a white circular light moving to the southward direction.,02/17/2025,Y,Aircraft?
Open,12/14/2024 17:52,Gurugram,Haryana,India,Cube,Low altitude 6 flying crafts,12/14/2024,Y,Balloon
Open,12-12-2024 17:20,Bengaluru,Karnataka,India,Egg,Saw a black ball remaining stationary for around 30 minutes in the air. It is sure that it is not an aircraft.,12-12-2024,Y,
Open,12-02-2024 21:37,Kanpur,Uttar Pradesh,India,Changing,Blinking lights could have been Morse code,12-03-2024,Y,
Open,10/31/2024 22:50,Howrah,West Bengal,India,Formation,7 grey orbs flying in formation of a diamond from which a single orb moved away making the formation look like a triangle.,10/31/2024,,
Open,10/23/2024 23:30,Delhi,Delhi,India,Triangle,I saw a white/translucent boomerang shaped aircraft which disappeared within 6-8 seconds but it looked like it was going farther away,10/23/2024,,
Open,10-06-2024 19:06,Hamirpur,Himachal Pradesh,India,Chevron,Chevron shape but its arms were long thin and have little curve in it,10-06-2024,Y,
Open,10-04-2024 19:40,Virar,Maharashtra,India,Circle,"Bigger and bright than comet, speedier than rocket. Vanished in thin air in 2-3 secs. Sky was not cloudy.",10-04-2024,,
Open,09/19/2024 19:23,Mumbai,Maharashtra,India,Star,It appeared to be a star which kept getting brighter and brighter and BRIGHTER and then started rising up getting and vanished w zigzag,02/18/2025,,
Open,09-04-2024 01:01,Raipur,Chhattisgarh,India,Unknown,"Fast Moving , circular pattern , moving in swirls extreme fast , disappeared after unknown path within 15 minutes like vanish",09-03-2024,Y,
Open,08/29/2024 23:50,Surat,Gujarat,India,Circle,"Saw 2 small, erratic white lights in night sky, no planes on radar; too high for drones",08/29/2024,Y,
Open,08/19/2024 20:04,Chennai,Tamil Nadu,India,Circle,Saw a circle shaped UFO with 6 bright green lights,08/20/2024,Y,
Open,08/19/2024 19:30,Visakhapatnam,Andhra Pradesh,India,Diamond,Hovering for a long time more than 45 minutes every day at nights at 7:00 pm and early mornings at 4:15 am.,08/18/2024,,
Open,07/24/2024 20:19,Erode,Tamil Nadu,India,Circle,I thought it was a meteorite but it came fast and stopped for 2 or 3 seconds and then went fast,07/24/2024,,
Open,07/20/2024 20:00,Aduthurai,Tamil Nadu,India,Unknown,4 objects they fly same place around 10 to 15 minutes,09-01-2024,,
Open,07-12-2024 00:08,Sathyamangalam,Tamil Nadu,India,Light,10 mints,07-11-2024,Y,
Open,07-06-2024 19:50,Erumeli,Kerala,India,Light,A bright white star like object moviing faster than the speed of a plane.,07-07-2024,,Satellite?
Open,06-05-2024 08:30,Nathdwara,Rajasthan,India,Circle,We were seeing laser show at Statue of Belief and suddenly we saw in the 6 circle like discs going high in the sky.,06-05-2024,Y,
Open,05/31/2024 22:50,Nashik,Maharashtra,India,Disk,We saw at night no clouds clear sky suddenly we saw a bright shining white disk shaped object slowly moving and suddenly wanished.,05/31/2024,,
Open,05/28/2024 22:52,Konnaiyur,Tamil Nadu,India,Cone,We both saw the V shape ufo. It has white light glowing in circles shape.,05/28/2024,,
Open,05-04-2024 19:10,Mangaluru,Karnataka,India,Light,Bright light object looked like a satellite. Moving at the speed of a satellite. But irregular patterns,05-04-2024,Y,
Open,05-01-2024 22:30,,Delhi,India,Star,Saw 20-30 stars emerge in from the Auriga constellation and travel and turned conspicuously east of Star Capella,05-01-2024,,
Open,04-10-2024 22:30,,Tamil Nadu,India,Star,"Off white star gliding across the sky taking 3-4 smooth turns before fading away ,no tail ,no sound ,moving south bw constellation",04-09-2024,,
Open,04-01-2024 18:15,Thamarassery,Kerala,India,Orb,On April I 6:15 AM a very shiny white orb which has a very shiny aura coming from it like 4 tails was falling to the ground,01-07-2025,,
Open,02/16/2024 12:30,Uttarpara,West Bengal,India,Circle,The object seen at midnight was blinking continuously . Upon zooming in with the phone it's colour appeared to change drastically.,02/17/2024,Y,
Open,02-05-2024 19:10,Dhanora Mhali,Maharashtra,India,Diamond,I was sitting at my terrace using my phone when i saw the fast moving object in the sky,02-05-2024,Y,
Open,02-05-2024 18:59,Hyderabad,Telangana,India,Unknown,it just moved down and moved left side afterthat it's just disappeared.,02-05-2024,,
Open,12/27/2023 19:50,Aranmula,Kerala,India,Light,I was coming out of my house. While looking up the sky I saw lights flashing like torch lights and I was curious and I stayed there,12/27/2023,,
Open,12/24/2023 08:00,Vadodara,Gujarat,India,Oval,"I saw a flying object without any lights, came towards land slowly with huge size, then moved other side suddenly with slow-steady pace",12/29/2023,,
Open,11/24/2023 20:07,Chennai,Tamil Nadu,India,Disk,"It was noticed my a guy , like a light moving at same speed ,same distance and direction again and again and he informed everyone near",11/24/2023,Y,Searchlight
Open,11/17/2023 18:49,Noida,Uttar Pradesh,India,Circle,I saw it when I was playing in park with my friends when saw a circle shaped object which was quite fast.,11/20/2023,,
Open,11-08-2023 10:08,,Andhra Pradesh,India,Cylinder,It was a nice day when i saw in the sky i saw sliver object in cylindrical shape & so bright moving fastely from south to north.,02-04-2024,,
Open,11-01-2023 09:07,Pune,Maharashtra,India,Triangle,Flying triangle,11-01-2023,,
Open,10/23/2023 19:15,Khapa,Maharashtra,India,Circle,A UFO seen at evening by me and my friend,10/25/2023,,Planet/Star?
Open,10/13/2023 20:48,Bangalore,Karnataka,India,Star,A star that moved in circles,10/14/2023,,
Open,10-11-2023 23:45,Nanded,Maharashtra,India,Circle,Silver shinning craft (Flying Object) in shape of circle was seen flying and then it speeds up and flew away and disappeared,10-12-2023,,
Open,09-02-2023 11:55,Chennai,Tamil Nadu,India,Disk,ISRO rocket gets buzzed by ufo,03/31/2024,Y,
Open,08/29/2023 12:45,Mumbai,Maharashtra,India,Cross,Cross shaped bright object moving across the sky from high to low and left to right. Stationary for sometime and resuming movement,08/29/2023,,
Open,07-11-2023 23:55,village,Punjab,India,Fireball,golden light moving at a constant speed .,07/13/2023,Y,
Open,06/21/2023 19:02,Hyderabad,Telangana,India,Disk,It was a disk like thing flying and it suddenly disappeared into clouds afterwards no clue of that UFO,07/27/2023,Y,
Open,06-10-2023 20:42,Salem,Tamil Nadu,India,Triangle,Me and my wife saw a triangle shaped object with no lights and no sound flew slowly in low height on North East direction.,06-10-2023,,
Open,06-10-2023 19:44,Lonavala,Maharashtra,India,Light,mysterious light hovering,06-12-2023,Y,Planet/Star
Open,06-09-2023 21:30,Erode,Tamil Nadu,India,Sphere,Sphere shaped ball flying in a height of a normal bird fly at a speed of overspeed car which can be identified by the naked eye.,06-12-2023,,
Open,06-06-2023 19:35,Erumely,Kerala,India,Sphere,A glowing sphere moving relatively very fast but moving uniformly. Size and brightness is more than the brightest star visible.,06-10-2023,,
Open,05/22/2023 18:51,Kolkata,West Bengal,India,Rectangle,I was taking a picture of moon and when I looked at the picture i was shocked.,05/22/2023,Y,Camera Anomaly
Open,05/17/2023 23:00,Tadepalligudem,Andhra Pradesh,India,Cube,"We are watching the night sky suddenly there is a object which is very tiny to naked eye ,i thought it is a aeroplane but it is not.",05/17/2023,Y,
Open,05/16/2023 19:58,Varanasi,Uttar Pradesh,India,Triangle,"Triangle shape object, black in colour with green colour lights at 3 corners and 1 in the centroid and changed its position slowly",05/18/2023,Y,
Open,05-08-2023 23:30,Thrissur,Kerala,India,Other,"At 11.30, I was standing in my balcony, and saw a V shaped light in the sky, which disappeared after almost15 sec.",07/23/2023,,
Open,04-04-2023 20:00,Pithoragarh,Uttarakhand,India,Disk,"A UFO saucer of silvery white color, projecting silvery fluid outside.",01/14/2025,,
Open,03/25/2023 19:06,Mumbai,,India,Oval,An unknown object was observed in the sky.,03/25/2023,,
Open,03-11-2023 23:34,Manali,Himachal Pradesh,India,Changing,There was an object moving rapidly in the sky and changing shape.,03-11-2023,Y,
Open,02-03-2023 19:20,"Village : Cheetakheda, Tehsil : Jeeran, District : Neemuch",Madhya Pradesh,India,Star,Saw multiple stars attached together like train,02-03-2023,,
Open,02-02-2023 19:12,Jaipur,Rajasthan,India,Rectangle,A lighted rectangular banner type shape in the sky,02-02-2023,Y,
Open,02-02-2023 19:07,Bhopal,Madhya Pradesh,India,Rectangle,While Looking at Venus and Jupiter SW in night sky I saw UFO / Alien Space Ship entering from the southern Horizon traveling North.,02-03-2023,Y,
Open,01/23/2023 19:00,Anuppur,Madhya Pradesh,India,Triangle,It was something different. Triangle shape with lots of light and was at a height where even drones can't reach.,08/19/2024,Y,Drone?
Open,01/15/2023 20:24,Gurugram,Haryana,India,Circle,It was moving in circular motion,01/15/2023,,
Open,01/13/2023 18:06,paonta sahib,Himachal Pradesh,India,Light,i,01/13/2023,Y,
Open,01/13/2023 01:36,Bengaluru,Karnataka,India,Star,It looks like a cluster of stars and is stationery,01-12-2023,Y,
Open,12/22/2022 10:50,Ahmedabad,,India,Unknown,"It was moving very fast, and travelling speed and direction was uneven",12/22/2022,,
Open,12/20/2022 03:01,Arambol,Goa,India,Unknown,I did not see craft I had a contact in my room where I was staying,01/18/2023,,
Open,11/20/2022 18:01,Thane,Maharashtra,India,Unknown,This was not an aircraft. Please check the video.,12/22/2022,,
Open,10/27/2022 02:05,"Navsari, Village - Kangwai",Gujarat,India,Circle,Circular object hovering on top of my village located in a very rural area.,10/26/2022,,
Open,10/23/2022 15:02,Thane,Maharashtra,India,Triangle,"It was like a triangular craft but with evident curves, metallic object and the sunlight was reflecting off it or I couldn't have seen",10/23/2022,,
Open,10/16/2022 21:40,Ghulewadi Sangamner,Maharashtra,India,Changing,Me and my friends seen constant light in clouds. We have seen light not lighting. The exact shape of light is not over familiar.,10/18/2022,Y,
Open,10-09-2022 08:35,Kolkata,,India,Circle,A reddish dot in the sky flying along the West moving from South to North,10-09-2022,,
Open,10-08-2022 19:30,Kolkata,,India,Light,Light moving and disappeared,10-08-2022,,
Open,10-07-2022 00:30,Vidisha,Madhya Pradesh,India,Fireball,"Both craft were light circle moving each other,as taking round of one another..",10-07-2022,,
Open,09/13/2022 19:27,Chandigarh,Chandigarh,India,Circle,Similar to a shining star and going in a straight line.,09/13/2022,,
Open,08/29/2022 19:33,Chandigarh,Chandigarh,India,Circle,Similar to a star and going in a straight line.,08/29/2022,,
Open,08/27/2022 19:30,Meerut,Uttar Pradesh,India,Sphere,Disppearance of 1 uap sphere shaped,08/27/2022,,
Open,08/17/2022 19:40,Meerut,Uttar Pradesh,India,Sphere,Appearance of 1 uap fast moving,08/17/2022,,
Open,08/17/2022 19:20,Meerut,Uttar Pradesh,India,Sphere,"Initially there was 1 uap than 2 more appeared, later on 3 more were there",08/16/2022,,
Open,08-11-2022 00:01,Penumuli,Andhra Pradesh,India,Other,It's complicated. I came back from the US with schizophrenia. But it's probably the virus. I am not sure. It's no safe.,09/23/2022,Y,
Open,07/22/2022 21:24,Pimpri-Chinchwad,Maharashtra,India,Formation,Formation of lights,07/22/2022,,
Open,07-11-2022 23:30,KOLKATA,,India,Light,"A light larger and brighter than star.when zoomed in mobile camera, the pattern was changing",07/15/2022,Y,
Open,06/25/2022 03:47,Delhi,Delhi,India,Circle,2 circular moving objects in the sky,08/15/2022,Y,
Open,06/24/2022 03:30,Kotdwar,Uttarakhand,India,Other,"It was early morning 3:30 am my sister and mom was sleeping on the roof and they wokeup as their daily routine ,then they saw two",06/25/2022,,
Open,06/18/2022 23:26,Pune,Maharashtra,India,Cross,The flying object was hovering slowly over Pimpri Chinchwad (Pune). It has no noise at all. Just the lights were flashing in crisscross,09/16/2022,,
Open,06/17/2022 23:08,Gurgaon,Haryana,India,,"Unidentified flying object oversky in Gurgaon, india",06/17/2022,Y,
Open,06/17/2022 22:11,Jaipur,Rajasthan,India,Triangle,They come in group and flies without any noice or smoke. Suddenly appears from nowhere.,06/17/2022,Y,
Open,06-06-2022 21:30,kotdwara,Uttarakhand,India,Other,"Hazy night sky - two circular lights very dim lights visible bcz of haze , main body was invisible ,skateboard shaped i assumed",06-05-2022,Y,
Open,06-01-2022 15:00,Port Blair,Andaman and Nicobar Islands,India,Circle,That was a UFO lot's of people saw that,08/23/2022,Y,
Open,05/23/2022 21:54,Thane,Maharashtra,India,Triangle,saw a 2 light in triangle shape,05/23/2022,Y,
Open,05-02-2022 23:50,Betwar,Uttar Pradesh,India,Circle,"A strange disc moving clockwise in high altitude, covering distance from one hemisphere of the sky to the other in seconds",06/26/2024,Y,
Open,04/27/2022 19:35,Gomathimuthupuram,Tamil Nadu,India,Circle,A green light are moving in the sky,04-01-2024,,
Open,04/26/2022 21:50,Madhubani,Bihar,India,Light,Red lighted object with strange movements,04/27/2022,Y,
Open,04/23/2022 17:03,Bangalore,Karnataka,India,Unknown,"A small, dark object flew quickly across the sky in daylight.",04/24/2022,Y,
Open,04/15/2022 18:47,Chennai,Tamil Nadu,India,Disk,Saw a disk with lights in sky ((NUFORC Note: Possible lns flare. PD)),04/16/2022,Y,
Open,04-02-2022 19:50,Jhabua,Madhya Pradesh,India,Disk,from local market of jiran,04-02-2022,,
Open,04-01-2022 20:00,Pimpri-Chinchwad,Maharashtra,India,Formation,4 yellow lights followed by single red light just behind (stable lights),04-01-2022,,
Open,04-01-2022 20:00,Pimpri-Chinchwad,Maharashtra,India,Formation,Formation on 5 lights,04-07-2022,Y,
Open,03/15/2022 19:15,Hoshiarpur (India),Punjab,India,Triangle,Medium size triangular ufo with dim lights on side,03/15/2022,Y,
Open,02/14/2022 06:10,Channarayapattana (India),Karnataka,India,Unknown,A 'S' shaped glowing light in the horizon during early morning.,03-05-2022,Y,
Open,02-06-2022 07:00,Delhi (India),Delhi,India,Light,5 minutes,02-07-2022,,
Open,01-06-2022 17:07,Port Blair,Andaman and Nicobar Islands,India,Circle,One round white in colour object in the sky,01-09-2022,Y,
Open,12/18/2021 16:15,Jalpaiguri (India),,India,Other,It looked like a hockey stick oscillating like a pendulam. The two crafts suddenly collided and there was light which moved Northwards.,12/19/2021,Y,
Open,12-03-2021 18:30,Dehradun,,India,Cigar,Saw a long trail of light moving along the sky from one place to another,12-03-2021,Y,Starlink
Open,11-01-2021 20:35,Karnatakaa (Chamarajanagar)(India),,India,Triangle,It was triangle shape with ten bright white lights around it.,11-02-2021,,
Open,10/17/2021 14:49,Nadia (India),,India,Other,"Sophisticated aircraft like objects among clouds in Nadia, WB, India. ((NUFORC Note: Possibly two dragonflies caught in flight?? PD))",10/19/2021,,
Open,06/22/2021 01:00,Senji,IN,India,Flash,I have that ufo video video as recorded 43 second... But im in India. you can't added my country in your center please contact with my,06/22/2021,,
Open,06/22/2021 01:00,Senji (India),,India,Flash,I have that ufo video video as recorded 43 second... But im in India. you can't added my country in your center please contact with my,06/22/2021,,
Open,06/13/2021 20:30,Aligarh (India),Uttar Pradesh,India,Disk,Seen on a strange mountain area that is far from human reach.,01/31/2022,Y,
Open,05/15/2021 06:10,Kakinada (India),,India,Oval,Spotted UFO from close distance while jogging on beach,05/17/2021,,
Open,05-09-2021 19:30,Chennai,Tamil Nadu,India,Light,Small bright whight light,08-05-2022,,
Open,05-08-2021 01:02,Fort Warangal (India),,India,Triangle,"Hi sir I'm ((deleed)) iam tolking from india. unexpectedly i see the one triangle object in the sky ,that object traveling N to E",08-04-2021,,
Open,04/22/2021 21:00,Firozabad (India),,India,Changing,Boomerang like shaped with five lights made a speed big heart like path and suddenly distriduted and vanished,04/22/2021,,
Open,04-10-2021 18:00,,,India,Fireball,When I saw it its falling from the sky and it was a huge ball of fire and after a 10 seconds it disapear and was never seen again,06-06-2023,,
Open,03-05-2021 19:47,Raigad (India),,India,Unknown,"Hello there, I am learner of UFO and Extraterrestrials in India and around the world. We found an UFO roaming around our country in In",04/26/2021,,
Open,02/19/2021 19:34,Patna (India),,India,Circle,There was a circle object having 8 red lights glowing in the night sky. But it just disappeared after I captured in in my camera.,02/19/2021,,
Open,01/31/2021 17:45,Bhadohi,,India,Oval,((NUFORC Note: No significant information provided by witness. PD)),01/31/2021,,
Open,10-05-2020 18:45,Chandigarh (India),,India,Triangle,We saw a big boomerang shaped craft above us (INDIA) 5-10-2020,10-08-2020,,
Open,08/31/2020 19:26,Delhi (India),,India,Teardrop,"I observed a small dot of light moving with very fast velocity, coming from west direction and it disappeared in NE direction.",08/31/2020,,
Open,07/22/2020 19:50,Erode (India),,India,Light,flying object like a star,07/22/2020,,
Open,07-12-2020 20:30,Ferozpur (Punjab)(India),,India,Disk,Red blinking object seen moving in the sky up and down slanting nd curved manner from East to North East nd disappeared after 2-4 mins,07/13/2020,,
Open,07-09-2020 21:56,Surat,Gujarat,India,Circle,Small Irregularly Flashing and moving Orb/Circle,08/24/2023,Y,
Open,05/25/2020 20:03,Indore (India),,India,Circle,Seen a bright spot travelling from east to west,05/25/2020,,
Open,05/15/2020 19:25,Indore City (India),,India,,Seen a bright spot travelling from east to north but slightly larger in size and lower altitude,05/15/2020,,
Open,05-09-2020 21:40,Chennai (India),,India,Changing,"Faintly visible shape-shifting UFO with no illumination at a height of 15000 ft, moving erratically over Chennai, India",05-10-2020,,
Open,04/22/2020 02:00,Bangalore (India),,India,Triangle,I spotted something incredible on 22nd of April 2020 around 2:00am to 2:15 am in the morning. It was a massive triangular shaped object,05/17/2020,,
Open,04/19/2020 21:35,Baraut (India),,India,Triangle,I am sure I saw UFO. It was triangle and transparent from middle.,04/19/2020,,
Open,04/19/2020 18:40,Kochi (India),,India,Cigar,Cigar like thing observed in western Sky over Kochi,04/20/2020,,
Open,04/14/2020 04:45,Indore City (India),,India,Unknown,Seen a bright spot travelling from west to east,05/13/2020,,
Open,04/13/2020 22:45,Bangalore (India),,India,Formation,Flying Birds with lights sighted @ night moving in group in bangalore ((Starlink satellites?)),04/13/2020,,
Open,04-08-2020 19:45,Jaipur (India),,India,Light,One white star like light which was moving faster but i saw it for 5 - 10 minutes in sky in night time,05-01-2020,,
Open,04-05-2020 21:00,Bangalore (India),,India,Flash,A red/white and green star kind of an object rotating at a very high speed and changing colours. ((NUFORC Note: Sirius. PD)),04-05-2020,,
Open,03/14/2020 19:40,Indore City (India),,India,,Bright spot criss crossing each other and followed by 2 sightings,03/14/2020,,
Open,03-12-2020 19:20,Indore City (India),,India,Circle,I get what I want?,03-12-2020,,
Open,03-08-2020 15:46,Thoubal (India),,India,Triangle,A black kite like object hovered above me and disappeared within some seconds.,03-08-2020,,
Open,03-05-2020 19:43,Raigad (India),,India,Disk,While sky watching my camera caught 5 mysterious lights in that had a blue flame. They stayed for 2 mins and vanished upwards. These li,03-07-2020,,
Open,03-02-2020 19:30,Indore (India),,India,,Seen two bright spot the size of a little star moving very fast one followed by another and then disappeared deep in space.,03-02-2020,,
Open,02/18/2020 19:00,Goa (India),,India,Flash,I was there at Baga beach in Goa. That time around 7pm I saw two flashes in the sky. ((anonymous)),02/29/2020,,
Open,01-12-2020 18:20,Rourkela (India),,India,Light,"I AM A SKY GAZER AND I LOVE TO SEE STARS. ((""Starlink: satellites??))",01/13/2020,,
Open,01-09-2020 13:49,Bangalore (India),Karnataka,India,Changing,Midnight sighting,01/17/2022,,
Open,01-05-2020 00:05,Kolkata (India),,India,Other,Saw an illuminated glow near the horizon of the north western sky around midnight. First thought was that its the 1998 or2 asteroid but,04/30/2020,,
Open,11/20/2019 23:30,Coimbatore,Tamil Nadu,India,Unknown,"Shapless, floating like jellyfish, red bright objecting has (spider web like design over it(not very sure))",07/30/2023,,
Open,11-12-2019 18:00,Aminpur (India),,India,Light,"42 light dots straight-line going from NW to SE side in the sky of W. Bengal. ((NUFORC Note: Cluster of ""Starlink"" satellites. PD))",11-12-2019,,
Open,11-11-2019 00:41,Raniganj/Pashchim Bardhaman (India),,India,Other,It was 20-30 light like star moving in the sky North to east. And all was moving together like a Flower wreath to the east site of the,11-05-2019,,
Open,11-04-2019 01:15,Belgaum (Karnataka)(India),,India,Triangle,It was around 1:15 - 1:20 am Indian Standard Timing 4th November 2019 when I witnessed the sighting from the terrace of my house locate,11-03-2019,,
Open,11-01-2019 01:06,Mohali (India),,India,Other,Bright circular shaped with flashing tail,10/31/2019,,
Open,10/15/2019 01:00,Pune,NT,India,Flash,Very weird travelling way,10/22/2019,,
Open,08-12-2019 00:15,Lucknow (India),,India,Light,I was going upstairs (second floor) as I get past my balcony I saw a small tiny round shaped white glowing object in the sky about 16 d,08-11-2019,,
Open,08-01-2019 19:55,Kochi (India),,India,Light,I saw something strange white light in sky that closed like a television...it was very bright as I am looking at a star which is too ne,08-01-2019,,
Open,05/19/2019 22:10,Kanker (India),,India,Other,I saw a boomerang shaped shiny UFO FLYING near my building.. It was raining outside. I saw it for just 15 seconds.,11-06-2019,,
Open,05/17/2019 21:45,Panchkula (India),,India,Light,I was doing pushups on the terrace of my house. The sky was dark. No stars were visible. As I stood up for a while to take some rest,05/17/2019,,
Open,05/15/2019 17:00,Theni (India),,India,Flash,I have saw ufo with glittering flash flied from theni in india.it was not look human-made craft.in our country people's are not have kn,01/16/2020,,
Open,05-12-2019 20:55,Jagadhri (India),,India,,Yellowish/orange light dots in triangle with tail shape moving,05-12-2019,,
Open,02-09-2019 11:00,Tirupathi (India),,India,Circle,I captured some images in hill area which contain some unknown objects.,09-02-2019,,
Open,02-04-2019 06:40,Bengaluru (India),,India,Unknown,"UFO like object, with video sighting. ((anonymous report))",02-03-2019,,
Open,01/14/2019 06:24,Gurgaon (Haryana) (India),,India,Unknown,I saw two equidistant lights moving at absolute uniform speed in the same direction (North to South) at 0624 hours.,01/13/2019,,
Open,10/20/2018 01:34,Mumbai (India),,India,Disk,We all friends were in a open place and were shooting. Video. While I was taking the shot i saw 2 blinks in the sky. It was green in co,10/27/2018,,
Open,10-10-2018 20:00,Coimbatore,Tamil Nadu,India,Triangle,Behind college hostel near to the wester ghats hills. Looked up. No engine sound. Just 2 lights. Flew away as soon as I spotted it.,04/17/2025,,
Open,05/26/2018 09:00,Chennai (India),IN,India,Diamond,15 mins 2 obj black and white flying parallal for long time untill aeroplane occurance . It flew slow and had some waves around it.,05/26/2018,,
Open,05/26/2018 06:45,Nasik (India),,India,Disk,It came from nowhere and was floating at one point and was also rotating speedily while moving!!!,12/20/2018,,
Open,05/15/2018 15:25,Raiganj,West Bengal,India,Cylinder,In a cloudy day while taking random video with my newly bought DSLR D5600.,07/30/2023,Y,
Open,05-10-2018 00:00,Rhenock (India),,India,Circle,I saw a moving Green Round UFC like thing i have clicked picture of it.,05-10-2018,,
Open,04/19/2018 21:30,Ludhiana (India),,India,Diamond,"Me and my brother were on night walk. Suddenly we saw yellow coloured diamons shaped lights in sky, first one disappeared and next appe",04/19/2018,,
Open,04-09-2018 00:05,Hyderabad,,India,Circle,Yellowish star like object.,09-03-2018,,
Open,03-04-2018 21:10,Jalandhar (India),,India,Oval,UFO over my home. ((anonymous report)),03-05-2018,,
Open,09-12-2017 20:30,Khammam (India),,India,Circle,I saw ufo flying on the sky with green color 12/09/2017 around 8:30 pm........ ((anonymous report)),09/13/2017,,
Open,09-04-2017 21:20,Ropar (India),,India,Changing,I saw twice this year in April also and september also even my son is of 3.5years old he is so scared after the experience,09-05-2017,,
Open,07-11-2017 01:30,Kovilpatti (India),,India,Rectangle,Rectangular moving object's shadow on the cloud cover under the bright moon,07-11-2017,,
Open,06-12-2017 21:10,Siliguri (India),,India,Light,White flashing light.,06-12-2017,,
Open,06-12-2017 00:00,Karnata Gadak (India),,India,Other,Reported aliens.,07/19/2017,,
Open,06-07-2017 18:00,Ashta (India),,India,Circle,I checked the photo a small circular disk shape object was near my friend's forehead. ((NUFORC Note: We suspect a photo error. PD)),07/22/2018,,
Open,04/17/2017 21:30,Ropar (Punjab)(India),,India,Other,"me,my wife and our son3.5 years old we all were on bike and suddenly my son starts saying plane in the sky the we saw that the light wa",04/17/2017,,
Open,04-11-2017 21:25,India (city not specified),,India,Sphere,Orange sphere shaped object.,04-11-2017,,
Open,03/31/2017 19:13,New Panvel (India),,India,Light,Yellowish dot of light captured in a live photo.,05-01-2017,,
Open,02-10-2017 11:45,Tirunelveli (India),,India,Light,It is a sunny day with a clear sky. A white light sphere shape object moved towards the east side of my house at 11:45 am on 02/10/2017,05/15/2020,,
Open,02-06-2017 20:30,Delhi (India),,India,Diamond,Seen a very bright star for 2.5 hours and then it disappear. ((NUFORC Note: Sighting of Venus? PD)),02-07-2017,,
Open,12/18/2016 17:14,Jeypore (India),,India,Other,((HOAX??)) It was time of sunset when i felt that some thing was flying in the sky. Thought that it might be an aircraft.,01-03-2017,,
Open,12-09-2016 07:15,Pune (India),,India,Cigar,I was waiting for the bus in the morning when I saw a white shining thing flying in the sky it was moving ahead I have captured a video,12-09-2016,,
Open,10/22/2016 21:00,Siolim (Goa) (India),,India,Oval,"Sighting of 6-7 red lights, moving through the nighttime sky. ((NUFORC Note: One of 3 reports from same source. PD))",10/30/2016,,
Open,09/19/2016 20:00,Madurai (India),IN,India,Fireball,Mysterious object that moves in zigzag pattern from east to west direction with bright green coloured tail and red coloured tip.,09/25/2016,,
Open,07/15/2016 21:30,Mhow,,India,Unknown,"Suddenly a white light thing appeared in the sky , first it was moving straight up and then suddenly it changed it route and tturned ri",08/26/2018,,
Open,07-03-2016 04:15,Srinagar (India),,India,Triangle,I saw a light in the sky. First i though it might be airplane but i didn't hear any sound then i saw that i was rotating clock wise and,07-02-2016,,
Open,06-01-2016 22:15,Ahmedabad (India),,India,Cross,A large plane like object seen hovering in the sky for about 5-10 seconds.,06-02-2016,,
Open,04/20/2016 22:40,Kolkata (India),,India,Unknown,A moving star is seen in stop and run movement. As per mobile compass current location is North 100digree approx.,04/21/2016,,
Open,03/22/2016 20:30,Calangute (India; Goa),,India,Formation,"UFO Sighting Goa, India, 22 March'16 Baga Creek, Calangute ""Me and my Best Friend Akshay Kauthankar aka ""Hunter"" were",04-07-2016,,
Open,03-06-2016 06:00,Udaipur (India),,India,Other,It was a straight line connected with red colored dots in increasing order.,04-09-2016,,
Open,01/27/2016 21:30,Patur (India),,India,Light,"It was on the last week of January, I don't recall the exact date that I was travelling from my Home in Akola City towards Lonar Town",03-06-2017,,
Open,01/27/2016 06:00,Mumbai (India),,India,Chevron,Unknown object clicked along with ISS.,01/26/2016,,
Open,01/14/2016 00:00,"Curchorem, Savordem (Goa)(India)",,India,Disk,It was Just a True Event that I Saw during this Sighting! It was not a Fake Sighting! It was Witnessed by 4 People. It was a True UFO!!,02/21/2016,,
Open,01-01-2016 20:30,Nellaya,Kerala,India,Circle,"When I was walking at night something like at 8.30pm, I have seen a big circle moving above with lights and all.",06/22/2024,,
Open,12-09-2015 06:00,Pune (~50 kms from)(India),,India,Unknown,A set of few multi-color lights moving in tandem from North-West direction to South-East direction in the dark sky.,12-09-2015,,
Open,12-07-2015 05:00,"Karle (near Hassan, Karnataka)(India)",,India,Flash,"We were staying at Karle Homestay near Hassan, Karnataka, India. 6th was our friends birthday and we were staying up that night. My son",12/25/2015,,
Open,12-06-2015 02:15,Dehradun (India),,india,Triangle,Triangle in shape with three lights at each end of triangle and one center light blinking continuously.,10/23/2017,,
Open,11/19/2015 19:50,Pune,,India,Triangle,"Many yellow lights arranged in two angular shape, with significant space in between those light angles",11/21/2015,,
Open,11-02-2015 05:45,Bhubaneswar (India),,India,Formation,Multiple ufos in formation sighted.,11-02-2015,,
Open,10/23/2015 19:00,Dumka (India),,India,Light,That thing was glowing and floating peacefully in the sky and the light was white in colour.,02-09-2016,,
Open,09/25/2015 20:35,Noida (India),,India,Sphere,"When we walking on the road,We have seen blue color objects in the sky in Noida , Uttar Pradesh (India)-201301 for 10 minutes.",09/29/2015,,
Open,09/25/2015 02:00,Mysore (India),,India,Unknown,"A sound of lightning speed, 2 feet tall, red color, fully haired man.",10-03-2015,,
Open,09/24/2015 19:30,New Delhi (India),,India,Light,"We 2 friends witnessed That was 6-7 blinking blue lights with some distance in each other,passing north to south,I made a video too, bu",09/24/2015,,
Open,08/26/2015 19:30,Kolenchery (India),,India,Light,A light travelling and bursting.,08/28/2015,,
Open,08-09-2015 20:30,Vellore/Hyderabad/Bangalore,,India,Circle,"Circular, oscillating Lights at Vellore",08-08-2015,,
Open,07/23/2015 20:20,Mhow (India),,India,Flash,"It was an absolute object,it had intent,and I will never forget that night! it had trailing lights",10/23/2016,,
Open,07-02-2015 22:40,Ahmedabad (India),,India,Sphere,I saw an unidentifiable moving object with red light in between the sphere in the sky. Due to summer I have decided to take a sleep,07-04-2015,,
Open,07-01-2015 21:15,Bangalore (India),,India,Light,"It was light which would be 6-10 time bigger than a star visible to naked eye, could not notice the start, but when I saw it was going",07-02-2015,,
Open,07-01-2015 17:31,Port Blair,Andaman and Nicobar Islands,India,Unknown,Mystery thing,10/23/2022,Y,
Open,07-01-2015 09:30,Tirupati (India),,India,Egg,I took a picture with a tablet and this was the outcome.,08/23/2015,,
Open,06/24/2015 23:10,Chandigarh (India),,India,Fireball,"Fireball UFO, definite that its not a meteorite or a crashing plane.",06/24/2015,,
Open,06/17/2015 20:23,Jirighat (India),,India,Circle,White light shape circle visible in the sky for a few moment suddenly disappearing from there feeling shocked.,06/17/2015,,
Open,05/21/2015 21:00,Idukki (India),,India,Circle,It is rotating. It is circular shaped. It contain with lights like LED.It did not make sound or noise.,05/22/2015,,
Open,05/18/2015 02:15,Ambernath (India),,India,Disk,red and white lights blinking in a row of circle.,05/17/2015,,
Open,04/28/2015 19:30,Chandigarh (India),,India,Light,A green light seen in the Chandigarh's sky on 27th April 2015.,04/29/2015,,
Open,04/27/2015 20:11,"Bangalore, Karnataka, India",,India,Unknown,Citing of an UFO traveling from one star to other,04/27/2015,,
Open,04/22/2015 21:50,Gwalior (India),,India,Diamond,The objects were flying very down towards earth (i.e. approx. 50 meter height). Only outline of objects were visible. Outline light o,04/23/2015,,
Open,04-08-2015 00:23,Amritsar (India),,India,Light,I have seen two lights which were running one after one at incredible speed. Near my home a large star appears which usually use to ch,04-08-2015,,
Open,04-07-2015 06:45,Chengannur (India),,India,Circle,A white like object.,04-07-2015,,
Open,04-03-2015 21:00,Kazhakkoottam,Kerala,India,Light,Bright light whizzing at incredible speed,06/15/2024,,
Open,04-03-2015 20:55,Trivandrum (India),,India,Cross,Object moved at a steady speed from one place to enother.,04-02-2015,,
Open,04-01-2015 12:00,Arabian Sea (India),,India,Sphere,"Red, Blue, Green flashing UFO sighted over the Arabian Sea by 3 Oil Rig Personnel.",05-03-2015,,
Open,03/28/2015 22:20,Uttar Pradesh (India),,India,Fireball,I was sleeping in my room it was about 22:10pm midnight when i opened my eyes i looked outside the window and i saw a fire ball in the,03/29/2015,,
Open,03/26/2015 19:15,Chennai (India),,India,Cylinder,Saw a red ball of fire and reddish/orange lights in the sky at 19:15 (Chennai).....The lights were vertically and cylindrically shaped.,03/28/2015,,
Open,03-08-2015 18:45,Ahmedabad (India),,India,Cross,I was testing the camera of my new mobile and took a photo of my the scene from my terrace and on the first click I got a bird like thi,03-08-2015,,
Open,02/28/2015 19:25,Gwalior (India),,India,Circle,Two lights which were moving in a circular path as if revolving around something seen in India city named Gwalior.,02/28/2015,,
Open,02-04-2015 17:30,Chennai (India),,India,Circle,04/02/15 around 5:30 to 6:00 pm i was talking to my friend through phone call on top of my apartment suddenly i saw a red colour light,02-05-2015,,
Open,01/31/2015 20:14,Chennai (India),,India,Rectangle,Accidentally taken a series of photos of a bright yellow rectangular UFO zooming across the night sky while taking photos of the Moon,02-02-2015,,
Open,01/24/2015 23:03,Trivandrum (India),,India,Fireball,"Speedy, zigzag-moving, bright object.",01/24/2015,,
Open,01/20/2015 00:00,Sangli (India),,India,Unknown,((HOAX??)) 01/20/15. something very strange landed for a while near my terrace .they were in number of 3.,01/22/2015,,
Open,01/14/2015 21:30,Vellore (India),,India,Disk,"ON JAN 14TH, 201,5 AROUND 9.30PM I SAW A BIG LIGHT (STREET LIGHT SODIUM VAPOUR LAMP LIKE LIGHT) MOVING IN THE SKY.",01/17/2015,,
Open,01-01-2015 22:15,Hyderabad (India),,India,Other,Shape-shifting tetrahedral-like polished black force-field covered unidentified flying object.,07/30/2017,,
Open,12/26/2014 06:27,Shillong (India),,India,Light,"Bright light moving slowly and disappearing into forest, seen from Meghalaya, India.",12/28/2014,,
Open,12/20/2014 18:20,Dhubri (India),,India,Changing,"A BIG BRIGHT RED LIGHT SEEN IN THE SKY, CHANGED ITS SHAPE, AN UFO.",12/20/2014,,
Open,11/30/2014 20:03,Mumbai (India),,India,Fireball,Orange fireball with a bright square in the middle!,12-01-2014,,
Open,11/24/2014 05:30,Halol (India),,India,Diamond,"ON 24 OCTOBER 2014 MORNING 5.30AM I SAW A UFO IN HALOL GUJARAT INDIA POSTAL CODE 389350, ITS LOOKS LIKE A STAR VERY FAST MOVING, I WAS",11/26/2014,,
Open,11/21/2014 02:30,Mysore (India),,India,Triangle,Dim big Lights at the corner of a dark triangle shaped object emiting lights for about 5 sec vanished suddenly.,11/21/2014,,
Open,11-07-2014 21:00,Ahmedabad (India),,India,Circle,Dear team I had observed an UFO activity near my place yesterday. Lights were blinking of this object. For more than 10 minutes this ob,11-08-2014,,
Open,11-01-2014 22:45,Bangalore (India),,India,Triangle,"Unusual Intense Lights in Triangle formation and a dark triangular object in the in Bangalore, India on first nov 2014",11-02-2014,,
Open,10/28/2014 20:30,Bangalore (India),,India,Triangle,Very dim group of lights shaped like V passing through the sky.,10/28/2014,,
Open,10/17/2014 00:00,Ashokenagar (India),,India,Triangle,UFO in India. ((NUFORC Note: No time or date for the sighting provided by the witness. PD)),10/18/2014,,
Open,10/16/2014 01:35,Bangalore (India),,India,Fireball,Red dot with yellow streak that appeared suddenly in the sky rising at a very steep inclination unlike regular aircrafts,10/15/2014,,
Open,09/28/2014 17:30,Kerala (India),,India,Disk,UFO SIGHTING AT INDIA ON 28/08/2014 17:30 .,09/29/2014,,
Open,09/24/2014 20:22,Balachaur (India),,India,Triangle,"Suddenly, we saw a triangle shaped object moving in the sky with a speed of 50 km/hr..",10-06-2014,,
Open,09/18/2014 02:08,Samba (Jammu)(India),,India,Other,"I was sleeping suddenly i felt that somebody contact with me with my brain.i was sleeping at that moment ,i realize that somebody c",09/17/2014,,
Open,09-10-2014 03:00,Ranchi (Jharkhand) (India),,India,Other,"When seen through telescope, a bright object was seen emitting green, blue, red and white light, and it was revolving about an axis!",09-10-2014,,
Open,08/25/2014 19:45,Delhi (India),,India,Oval,A strange light moved from north east to south east. The light was first blue but as it moved away it suddenly changed to red and then,08/25/2014,,
Open,08/17/2014 23:19,Jammu (India),,India,Light,It looked like a Red Light ball comming from north of sky and in a span of 1 minute it went deep in clouds towards north east side,08/17/2014,,
Open,07/29/2014 01:05,Diamond Harbour (India),,India,Chevron,"We went to a place 2 hours away from Kolkata, India called diamond harbour. We were on the terrace of our hotel at 1:00 am looking up.",07/28/2014,,
Open,06/27/2014 20:30,Mumbai (Vasai West) (India),,India,Diamond,We were 3 of us sitting and chatting about work i happen to look into the sky.,07/15/2014,,
Open,06-10-2014 23:00,Chandigarh (India),,India,Other,It was a rare blackout after 22:00 in Chandigarh City. I was standing at the roof and my brother was talking on phone. I was looking fo,06-10-2014,,
Open,06-04-2014 23:00,Varanasi,,India,Disk,"Me with 6 friend sit on hostel terrace in night between 10 to 11 o'clock,we was talking after I see something like aircraft but I never",05/24/2021,,
Open,06-03-2014 20:30,Nagrota (Jammu) (India),,India,Light,"I suddenly noticed a white bright light, bright as a star which was moving toward a NE dir. in a very slow pace.",06-04-2014,,
Open,05/28/2014 06:10,Chennai (India),,India,Rectangle,((HOAX??)) It was terrific.,05/29/2014,,
Open,05/15/2014 23:30,Mangaluru,Karnataka,India,Orb,Saw this orb or ball of light come into the sky and pause for few seconds in the sky .,11/16/2024,Y,
Open,05/14/2014 20:17,Bhubaneswar (India),,India,Rectangle,I saw one rectangle red coloured flying object from south to north. Speed: Medium Colour: Red Shape:Rectangle Speed : medium Shape: one,05/14/2014,,
Open,05-12-2014 01:00,Galior (India),,India,Fireball,I am Indian in Gwalior I will sleep on my tarace and the iwill see big lighting disk it goes very speed in near to the aircraft i will,08/23/2014,,
Open,05-03-2014 22:15,Hoshiarpur (India),,India,Fireball,Unknown three fireballs.,05-03-2014,,
Open,04/19/2014 20:15,Nashik (India),,India,Fireball,"Short encounter of a fireball. More importantly, a balloon covering underneath.",04/19/2014,,
Open,04-12-2014 00:00,Keonjhar (India),,India,Other,White lights forming triangular shape.,04-12-2014,,
Open,04-07-2014 09:10,Vadodara (India),,India,Sphere,Red light circle shape object flying from west to east then after 10 or 15 minutes it disappeared,04-07-2014,,
Open,04-07-2014 00:34,Mumbai (India),,India,Light,Bright gigantic yellow light (50x of an airplane) possibly embodying a spherical object shoots straight up to the sky within 10secs,06/25/2014,,
Open,04-03-2014 19:15,Hyderabad (India),,India,Flash,Bright Orange Blob observed moving across Evening Eastern Sky of Hyderabad.,04-04-2014,,
Open,03/20/2014 06:00,Gwalior (India),,India,Light,Rectangular light with a line of smoke.,03/21/2015,,
Open,03/18/2014 20:50,Ropar (India),,India,Triangle,"Triangular shaped object with three lights witnessed my son and mother, India.",03/18/2014,,
Open,03/17/2014 21:45,Surat (India),,India,Fireball,Red-orange colored circular disc.,03/17/2014,,
Open,03/17/2014 20:20,Mumbai (India),,India,Fireball,Report: I saw this shape out of the window of my aircraft.,03/26/2014,,
Open,03-09-2014 21:00,Allahabad (India),,India,Fireball,A UFO FLYING.,03-09-2014,,
Open,03-06-2014 22:45,Panchkula (HaryanaZ) (India),,India,Fireball,Bright fireball hovering close to ground in India.,03-10-2014,,
Open,03-06-2014 19:10,Thodupuzha (India),,India,Fireball,"Possible UFO Sighting near Kattapana, Kerala, India.",06-05-2014,,
Open,02/16/2014 20:15,Bangalore (India),,India,Diamond,Diamond form 5 lights with 1 tail following the primary triangle.,02/16/2014,,
Open,01/23/2014 08:30,Dehradun (India),,India,Diamond,A blinking diamond.,01/24/2014,,
Open,01/16/2014 00:00,Agra (India),,India,Fireball,It's true.,01/16/2015,,
Open,01/14/2014 08:50,Mumbai (India),,India,Light,3 orange lights leading to same place. one was very large and golden lights flashing.,01/15/2014,,
Open,01-06-2014 23:00,Vishakapatnam (India),,India,Circle,The ufo encountered by me alone and experience some weird powers thereafter.,11/19/2019,,
Open,01-02-2014 21:51,Lucknow (India),,India,Light,"I was on the roof of my house for night sky photography and i saw a red dot moving in the sky , my camera was on the self timer and it",01-02-2014,,
Open,12/30/2013 19:33,Kodakara,Kerala,India,Disk,"On Dec 30, 2013, in Kodakara, Kerala, we saw a silent UFO with glowing lights vanish twice as planes oddly circled nearby.",12/21/2024,,
Open,12/15/2013 20:08,Hyderabad (India),,India,Other,seen an orange coloured bell shaped object in the sky.,12/16/2013,,
Open,11/30/2013 21:20,Pune (India),,India,Orb,"4 round lights circling in 8 shape duing 21.20 in pune, india, spotted for 5 mins.",11/30/2013,,
Open,11/28/2013 18:45,New Delhi (India),,India,Diamond,"To the xtreme left of Venus, I suddenly noticed a bright star like object come down at high speed. I thought it's a plane.",11/28/2013,,
Open,11/18/2013 19:00,Hamirpur (India),,India,Light,Fast bright light in sky.,11/19/2013,,
Open,10/31/2013 22:15,Erode (India),,India,Rectangle,"Greenish box shape object at Erode, India.",11-01-2013,,
Open,10/20/2013 18:55,"Aizawl, Mizoram (India)",,India,Fireball,Fireball like thing hovering in the sky.,10/20/2013,,
Open,10/15/2013 18:25,Chennai (India),,India,Circle,Yellowish/orange sphere observed in the sky.,10/15/2013,,
Open,10/13/2013 23:05,Kolhapur (India),,India,Triangle,"Place: Kolhapur, Maharashtra, India Location:- Chandwani Hall, Tarabai Park Time:- Indian standard time 23:05 (11:05 p.m. ) Lat",10/13/2013,,
Open,09/26/2013 04:30,Kuchaman City (India),,India,,UFO flying in the sky at night,09/25/2013,,
Open,09/20/2013 19:48,Chandigarh (India),,India,Triangle,"Saw UFO in chandigarh, India while I was sleeping alone at the terrace at night.",10/23/2013,,
Open,09-12-2013 20:43,New Delhi (India),,India,Circle,An unexplained object which glowed like a star burst for few seconds.,09-12-2013,,
Open,09-11-2013 21:00,Surat (India),,India,Light,2 balls of greenish white light over surat,09-12-2013,,
Open,09-11-2013 00:00,Imphal (India),,India,Triangle,It was in triangle shape emitting blue and green light.,11-10-2013,,
Open,08/14/2013 23:40,New Delhi (India),,India,Light,"Me and my family were driving through a parallel road to highway ( NH24) heading from ghazipur border to Delhi, the site of event was b",08/14/2013,,
Open,08-10-2013 19:30,Cochin (India),,India,Circle,Bright blue light appeared for seconds,08-09-2013,,
Open,07/27/2013 20:10,New Delhi (India),,India,Disk,Red and green coloured flying disk.,07/27/2013,,
Open,07/17/2013 19:20,Nallapadu,Andhra Pradesh,India,Triangle,The side it came from. I saw in the map. It was around Beijing or Shanghai. Three white lights around it's corners. No sound. Smooth.,07/31/2022,,
Open,06/18/2013 10:58,Kannur (India),,India,Disk,http://newindianexpress.com/states/kerala/Army-Major-captures-UFO-in-Kerala/2013/06/18/article1640262.ece,09/13/2013,,
Open,06/17/2013 00:00,Kannur (India),,India,Disk,"I saw this photo on a Malayala manorama 17th-jun-2013 (Malayalam daily). ((NUFORC Note: Computerized photo, we believe. PD))",06/16/2013,,
Open,05/23/2013 23:00,Chandigarh (India),,India,Light,I have been looking at balls of light it sky above chandigarh a city in india where I live. its been about a month now since the first,05/23/2013,,
Open,05-04-2013 21:45,Mangalore (India),,India,Disk,UFO spotted in the sky,05-04-2013,,
Open,05-02-2013 22:00,Thane (India),,India,Other,Sighting of a weird aircraft.,05-02-2013,,
Open,03/25/2013 21:45,Bhuj (India),,India,Fireball,The Reddish Orange Light seen from various places in radius of 60 km the object was moving slowly from west to north,03/26/2013,,
Open,03/24/2013 22:15,Kota City (Rajasthan) (India),,India,,"At 22:15 (Indian Standard Time) on 24th March 2013, I with my friend saw a yellow light like burning star or a small ball coming from t",03/24/2013,,
Open,03-08-2013 00:45,Chennai (India),,India,Circle,"I saw a glowing orange light moving slowly in one direction for about 1 to 1.30 mins. It was flying near to the ground, not sure about.",03-12-2013,,
Open,03-01-2013 18:00,Varanasi (Andaman &Nicobar Islands) (India),,India,Cylinder,"Bright cylindrical silent object hovering over Varanasi, India.",03-01-2013,,
Open,02-10-2013 20:30,Jamnagar (India),,India,Sphere,"A mysterious celestial object was reportedly spotted hovering above the world's largest oil refinery in Jamnagar, Gujarat, stirring rum",03-07-2015,,
Open,12/23/2012 14:20,Jaipur (India),,India,Fireball,We believe it was a UFO as it was a very bright circle of fire flying and hovering like no man made machine does.,12/23/2012,,
Open,12/20/2012 02:00,Cochin (India),,India,Cone,"We were standing outside in terace, we first saw 1 object going in good speed, then after sometimes saw 2 other it was not a star or co",01/15/2013,,
Open,12-07-2012 21:49,Dibrugarh (India),,India,Changing,"Red/green light in the South East sky of Dibrugarh, Assam, India.",12-07-2012,,
Open,12-07-2012 20:00,Belgaum (India),,India,Sphere,"Dear sir, Me and my frnd had gone for a evening walk , at 18:30 We saw a star like object move in sky rapidly It moved from SW to N",12-07-2012,,
Open,12-06-2012 00:00,Kerala (India),,India,Other,5 ufos in Kerala Kodungallur.,02-04-2013,,
Open,12-04-2012 02:00,Akola (India),,India,Cylinder,"A cylinder cyphor like structure (supersonic) no blades, white in colour,duration 5-10 seconds.",03-02-2013,,
Open,11/30/2012 17:42,Gurgaon (India),,India,Fireball,I was coming out of my office when i noticed a red & green ball of fire in the sky travelling at a very high speed. I was not visible.,11/30/2012,,
Open,11/25/2012 00:00,Bhubaneswar (India),,India,Other,"While our games period was going on, we observed a very peculiar shaped flying object. It was of black color with a shield of aura arou",11/24/2012,,
Open,11/19/2012 00:05,Bangalore (India),,India,Circle,Red balloon shaped object seen moving right to left across the western sky just after midnight.,11/19/2012,,
Open,11/13/2012 23:18,Gurgaon (India),,India,Fireball,"Yellowish/blue sphere seen in gurgaon sky, india.",11/13/2012,,
Open,11-12-2012 21:00,Chennai (Madras) (India),,India,Circle,((No information from witness.)),11/17/2012,,
Open,10-12-2012 23:00,Varanasi (India),,India,Changing,I Witnessed a holographic-like display of about 50 points of light rapidly transforming into various 3-dimensional rectangular shapes,10-07-2013,,
Open,10-05-2012 19:20,Chennai (Tamil Nadu) (India),,India,Circle,"A bigger bright light moving slowly, in night sky for aprox. 2 min was seen, no sound heard and suddenly the bright light started to di",10-09-2012,,
Open,09/20/2012 23:00,Bongaon (India),,India,Disk,"Coin shaped yellowish object in West Bengal, India.",09/20/2012,,
Open,07/16/2012 23:05,Gurgaong (India),,India,Fireball,Short blue ball of light flashed on Gurgaon skies in North India state of Haryana-16th July 2012 @ 23:05.,07/17/2012,,
Open,06/16/2012 00:00,Cochin (India),,India,Disk,"UFO's in cochin city , India",06/20/2012,,
Open,06/14/2012 19:00,Dwarka (India),,India,Light,It kept flashing white.,06/26/2014,,
Open,06/13/2012 21:50,Dehradun (India),,India,Flash,"Bright white flash size of a moon, very fast moving south to west!",06/13/2012,,
Open,06-06-2012 19:40,Hyderabad (India),,India,Light,We have observed a bright object moving considerably fast towards North from South.. Simultaneously observed from Bang lore also.,06-06-2012,,
Open,05/22/2012 21:45,Kengeri Bangalore. type 'emrohit' on google map,,India,Triangle,"My family seen UFO on Bangalore sky. 22.05.2012 9.45pm After dinner we were on terrece at 9:30pm, my younger son Sanjay sleeping facing",06-01-2012,,
Open,05/20/2012 01:00,Bulandshar,Uttar Pradesh,India,Orb,Im in a middle of night Im seeing a something like human with white light just flying in the sky,06-10-2023,,
Open,04/14/2012 19:30,Bongaigaon (Assam) (India),,India,Circle,"Circular,silently moving object, radiating golden yellow light in dark evening sky.",06-07-2012,,
Open,04-11-2012 06:30,Hyderabad (India),,India,Sphere,"Spherical UFO seen in India, Apr 11-2012",04-11-2012,,
Open,04-10-2012 00:50,Mumbai (India),,India,Flash,Small bright white flash light with bluish tint rays to it.,04-10-2012,,
Open,04-08-2012 23:38,Noida (India),,India,Triangle,It was making some smoke like aeroplane does and going upward in an 60 degree angle and triangular in shape as the twinking light was i,04-08-2012,,
Open,02-04-2012 22:43,Bangalore (India),,India,Fireball,Seven bright orange-red flashes emitting aircrafts steadily moving across the Bangalore sky,02-04-2012,,
Open,01-08-2012 00:20,Vellore (India),,India,Disk,"Twin lights, sometime like a disc, seen by two at 00:20 am in Vellore, South India lasting for more than 30 minutes",01-08-2012,,
Open,01-06-2012 19:30,Yellanhalli-643243 (India),,India,Sphere,Star liked object moved quick ascending constantly n then vanished all of a sudden .,01-07-2012,,
Open,12/25/2011 18:30,Bhubaneswar (India),,India,Fireball,Orange fiery ball in the sky,12/25/2011,,
Open,12-10-2011 00:00,Chandigarh (India),,India,Other,Two box-like rotating objects nearly miss an airplane in the sky,12-09-2011,,
Open,11-12-2011 20:00,Delhi (India),,India,Formation,"V shaped bird like formation of around 10 objects, llluminated by a constant, dim, yellow light",11-12-2011,,
Open,10/31/2011 20:30,Dehradun (Uttar Pradesh) (India),,India,Flash,"It was a conical flare at very high speed( 50M?), no sound and it was there for few seconds.",11-01-2011,,
Open,10/26/2011 23:15,New Delhi (India),,India,Fireball,Bright reddish-white UFO's seen hovering over,10/27/2011,,
Open,10/13/2011 18:45,Mysore (India),,India,Light,It was a star like thing which was not twinkling . . . But moving very swiftly . . !,10/13/2011,,
Open,09/30/2011 18:15,Gangtok (India),,India,Cylinder,Have taken some photo in which some light in mountain is visible,09/30/2011,,
Open,05/15/2011 21:45,Pune (India),,India,Triangle,"Dark orange triangular shape, looks like asbestos material.",09/17/2014,,
Open,05-10-2011 02:00,Andhalgaon,Maharashtra,India,Star,A star like object started moving in zigzag pattern,05-04-2024,,
Open,03/15/2011 20:35,Delhi (India),,India,Chevron,"Strange object seen hovering below Sirius emitting lights in New Delhi, India",03/16/2011,,
Open,12/17/2010 17:45,Janakpuri (New Delhi) (India),,India,Cigar,cigar shape ufo,12/17/2010,,
Open,11/13/2010 01:10,Ranchi (India),,India,Unknown,it was about 1 am in the midnight.after my studies i was about to sleep.i usually study late at night so u can remove considerations li,04/22/2011,,
Open,08-09-2010 21:00,"Mamria Thethar, Rewari (HR) (India)",,India,Circle,It was the night of 09 aug 10 on the auspicious festival of maha shivratri an UFO was observed by many villagers including me. It was,10-01-2010,,
Open,07/20/2010 21:55,Hyderabad (India),,India,Fireball,It was a burning flame(with out candel),10-06-2010,,
Open,05/17/2010 18:21,Alwar (India),,India,Disk,Silverish white flying object,04-07-2015,,
Open,05/17/2010 18:21,Alwar (India),,India,Disk,Silverish white flying object.,04-07-2015,,
Open,02/27/2010 18:00,Hyderabad (India),,India,Unknown,"This is the second report I am submitting as I have sighted two UFOs thus far. The first was when I was studying in Bangalore, India, i",03-05-2010,,
Open,01-01-2010 20:00,Delhi (India),,India,Changing,Moon came as heart shaped in my mobile.it moon changes shape as i took photo,02-07-2012,,
Open,12/26/2009 21:09,Bangalore (India),,India,Triangle,"Nagarbhavi in Bangalore, India- Three-winged triangular object with blinking lights.",12/26/2009,,
Open,11/13/2009 00:00,Chandigarh (India),,India,Triangle,I have a recording... i looked up and saw these lights going across the sky.,01-03-2015,,
Open,11-01-2009 20:10,Chennai (India),,India,Triangle,As you have mentioned in the characteristics an aircraft was around the event & that object had lights emitting around it.,01-11-2010,,
Open,09-04-2009 07:30,Chennai (India),,India,Circle,blackhole like object seen in chennai,11-11-2009,,
Open,08-11-2009 19:00,Dhubri (India),,India,Light,A bright Light in the frame while taking picture of a small boat on the River Brahmaputra. ((NUFORC Note: Barn owl in flight. PD)),08/27/2009,,
Open,07/19/2009 06:05,Faizabad (India),,India,Cigar,It was highly illuminated and a trail of green color was seen behind it. It had silver colored windows and was moving very fast towards,08/15/2009,,
Open,05/30/2009 21:30,Dehradun (India),,India,Disk,Two Disc type objects of white colour were revolving around each other,05/30/2009,,
Open,03/15/2009 19:30,Calicut (India),,India,Other,"THREE ORANGE LIGHT SPOTS IN A STRAIGHT LINE, MOVING EAST AT CONSTANT SPEED, THEY ALL DISAPPEARED AT A CERTAIN AREA ONE BY ONE.",03/15/2009,,
Open,02/13/2009 22:14,Chennai (India),,India,Sphere,"White spherical object revolving around its own axis having a random motion; from Chennai. ((NUFORC Note: ""Twinkling"" star? PD))",02/13/2009,,
Open,01/28/2009 20:15,Bangalore (India),,India,Triangle,Huge Black Triangle seen over Bangalore,07/24/2009,,
Open,01/28/2009 20:15,Bangalore (India),,India,Triangle,Huge black triangle seen traveling in North East direction in Bangalore,07/24/2009,,
Open,01/26/2009 20:30,Jaipur (India),,India,Light,"I am resident of jaipur ,at 8.30 PM on 26 jan 2009. I saw an object like star but 3-4 times bigger and blinking brightly more than a st",01/26/2009,,
Open,01/24/2009 12:06,Yavatmal (India),,India,Circle,Bright spherical light which could be seen clearly at noon,01/28/2009,,
Open,12-09-2008 20:48,Kolkata (India),,India,Light,i was flying from assam to kolkata approx hdg 280' alt 20000 an object just comming towards our aircraft then going backward...color of,12-12-2008,,
Open,12-03-2008 04:07,,Kerala,India,Light,A flash of light like a plane moving,07/29/2023,,
Open,11/30/2008 19:30,"Balapur, Hyderabad (India)",,India,Sphere,"On the night of November 30th, 2008 between 19:30 Hrs to 21:30 Hrs there were 3 pairs of strange lights appeared one after the other an",12-04-2008,,
Open,11/22/2008 19:30,Bangalore (India),,India,Circle,Bright lighted object seen at Bangalore 22nd November 2008,11/22/2008,,
Open,11/21/2008 18:30,Mansa (India),,India,Disk,15 mins of footage on national tv,11/24/2008,,
Open,11/18/2008 22:20,Thane,Maharashtra,India,Sphere,Bright object that came in a straight line & stood there for 10-20 seconds. Then it went back the way it came,02-03-2025,,
Open,11-07-2008 14:25,New Mumbai,,India,Disk,"Silver disc sighted in the afternoon, Mumbai, India.",12/25/2008,,
Open,08-05-2008 22:02,Karimnagar (India),,India,Circle,Blue light over karimnagar INDIA viewed from top floor building,08-06-2008,,
Open,08-01-2008 19:33,Faridabad (India),,India,Disk,a huge bright orange sphere appeared in a photograph clicked by me. 500 Lights On Object0: Yes,08-01-2008,,
Open,07/24/2008 21:00,Burhanpur (India,,India,Disk,"UFO seen in India, Burhanpur",07/24/2008,,
Open,07-11-2008 01:00,Kurseong (India),,India,,"UFO lands in Kurseong KURSEONG, July 11: A circular polymer object measuring about 3 ft in diameter and around 1.5 ft tall dropped fr",07/14/2008,,
Open,05/28/2008 00:00,New Delhi (India),,India,Light,could have been a star,05/27/2008,,
Open,03-08-2008 23:15,Dombivli (India),,India,Oval,"Hi, I was just gazing at the sky at the horizon on the East when I saw a light floating in the sky. First I thought that it may be a Ai",03-09-2008,,
Open,02/25/2008 00:00,Noida (India),,India,Unknown,"I WAS RETURNING HOME IN MIDNIGHT FROM GREATER NOIDA TO NOIDA VIA TAJ EXPRESS WAY.AS IT WAS MIDNIGHT TRAFFIC WAS LOW ,I WAS DRIVING BIKE",04/23/2008,,
Open,02/15/2008 00:00,Dasuya (India),,India,Triangle,((HOAX??)) It was the festival of Dipawali in India. Suddenly I noticed a triangle shape.,02/15/2008,,
Open,01-06-2008 20:00,Chandigarh (India),,India,Oval,Lights blinking or rotating in oval shap in night. Seen over chandigarh,01-05-2008,,
Open,01-04-2008 20:00,Chandigarh (India),,India,Oval,Lights blinking or rotating in oval shap in night. Seen over chandigarh,01-05-2008,,
Open,01-01-2008 18:20,Kayamkulam (in Kerala state) (India),,India,Circle,"I have seen a mysterious light, flaming, exciting Colour changing, moving towards upwards in the shape of an Indian coin",01/16/2008,,
Open,12/30/2007 20:15,Alappuzha (India),,India,Unknown,"I have the habit of watching the sky in the night time. During that time, i watched that a light spot, something like aero plane is mov",01-01-2008,,
Open,12/21/2007 18:30,Chandigarh (India),,India,Fireball,The red object moved from one end to the other and then stopped,12/29/2007,,
Open,12-06-2007 18:37,Punjab (India),,India,Triangle,videos included,12-11-2007,,
Open,11/27/2007 22:00,Kolar (Bangalore) (India),,India,Light,bright objects changing colour in the sky. ((NUFORC Note: Sirius. PD)),11/28/2007,,
Open,11/26/2007 00:00,Jalgaon (India),,India,Fireball,"my mom, me, my dog we were in large open ground. we r walking there.we saw that FireBall in the sky direction of south side.that fire b",12/16/2007,,
Open,11/16/2007 19:15,Bangalore (India),,India,Circle,Star-like circular object moving at great speed,11/16/2007,,
Open,10/14/2007 04:30,Hyderabad (India),,India,Light,"Treasure Island, Gandipet, Hyderabad, 14th October 2007, 4:30 am, Bright Light in the sky moving and blinking every 10 seconds !",10/18/2007,,
Open,10/13/2007 04:50,Noida (India),,India,Fireball,FOOTBALL SHAPED AND SIZED BRIGHT OBJECT IN THE NIGHT SKY,10/13/2007,,
Open,09-12-2007 06:00,Bangalore (India),,India,Sphere,Spherical body shot in the morning sky,09/17/2007,,
Open,08/20/2007 04:50,Kota (India),,India,Other,"Fast moving star, crossed whole sky just in 6 sec.",08-11-2008,,
Open,08-09-2007 21:00,New Delhi (India),,India,Diamond,STAR SHAPED UFO,08-11-2007,,
Open,08-01-2007 08:02,Chhindwara (India),,India,Disk,An Disk-Shaped Ufo,08-03-2007,,
Open,07/16/2007 22:15,Bangalore (India),,India,Unknown,a bright flying object disappeared,07/19/2007,,
Open,07/15/2007 13:00,Mumbai (India),,India,,A CREATURE LIKE ANIMAL HAS BIG EYES NAD LONG NAILS AND MAKES DANGEROUS SOUND BUT NOT AN ANIMAL,08/26/2007,,
Open,07-09-2007 22:00,Karnal (India),,India,Fireball,tv vuideo,07/25/2007,,
Open,07-09-2007 21:00,Karnal (Haryana) (India),,India,Light,Strange lights seen with strong winds and shown by leading news channels in India.,07-10-2007,,
Open,07-08-2007 21:00,Karnal (India),,India,Sphere,"On around 9 pm on 8th July 2007 over a large part of northern india, primarily over Karnal (Kalpana's birthplace) more than an entire c",07-09-2007,,
Open,07-08-2007 20:30,Kurnool (India),,India,Fireball,Two flash lights in sky,07-09-2007,,
Open,05/31/2007 20:30,Delhi (India),,India,Triangle,Bright set of lights. Was of triangular shape. Was slow moving.,06-01-2007,,
Open,05/28/2007 21:00,New Delhi (India),,India,Rectangle,"so i was up on the roof that night by chance and was looking at planes at the distance in the south west direction, and when i was turn",09/26/2011,,
Open,05/28/2007 20:30,Yavatmal (India),,India,Formation,Bunch of 5 beautiful lights with glow making an arrowhead closly seperated by smaller distance parallelly in the sky.,02-01-2010,,
Open,05/28/2007 03:01,Bangalore (India),,India,Circle,"I WAS RETURNING FROM WORK AT 3:00 AM. AFTER MY NIGHT SHIFT IN THE CAB, I SAW MULTI- COLOURED FLIGHT PASSING MY HEAD IN VERY LOW HEIGHT.",06/19/2007,,
Open,05/13/2007 21:40,Chennai (India),,India,Formation,"A moving array of tiny lights past the sky centre line south to north, sighted four times with 2-3 minutes interval.",05/13/2007,,
Open,05-10-2007 21:00,Ghaziabad' (India),,India,Disk,"Sighting in India ,unexplainable by human resources",05-10-2007,,
Open,05-05-2007 13:17,Pune (India),,India,Cigar,((HOAX??)) Extra-teresstrials in the cigar shaped objects moving with incredible speed.,05-12-2007,,
Open,04/25/2007 02:00,India,,India,Rectangle,UFO and creature sighted at 2:00 AM in the morning.,05-09-2007,,
Open,03/24/2007 06:30,India,,India,Unknown,an unknown shaped onject ejecting reddish flames fr its tail but moving along the horizon,04-04-2007,,
Open,01-06-2007 21:00,Bangalore (India),,India,Circle,http://www.ibnlive.com/news/spotted-ufo-in-bangalore-airspace/41661-11.html,06-01-2007,,
Open,12/22/2006 07:11,Delhi (India),,India,Fireball,I saw a UFO who shape was like a fireball manuevering sofisticately,01/18/2007,,
Open,12/13/2006 22:55,Sagar (India),,India,Changing,close encounter of 1st kind,01-02-2007,,
Open,12-09-2006 22:00,Pune (India),,India,Triangle,"Triangular craft, low altitude and absolutely no noise",04-06-2012,,
Open,12-03-2006 21:00,New Delhi (India),,India,Fireball,object like a fireball moving very fast in all direction for 30 sec. got a video and two pics also.,12-03-2006,,
Open,11/24/2006 18:45,New Delhi (India),,India,Circle,I was smoking ouside my office gallery. I saw a bright star like object in the sky. I thought it is an aeroplane. suddenly the light we,11/24/2006,,
Open,11/23/2006 19:00,Barnala Sherpur (village) (India),,India,Triangle,long cyclinderical or triangle ufo sighted in India,11/24/2006,,
Open,11-11-2006 22:15,Pune (India),,India,Triangle,"Triangular craft seen flying over, dimly lit at corners and silent",11/14/2006,,
Open,08/14/2006 19:00,Mysore (India),,India,Light,A SHINING LIGHT WITH A RED BEACON ROTATEING AROUND.,08/13/2006,,
Open,07/30/2006 22:00,Kullu,,India,Formation,"I was drving in the District of KULLU in the state of Himachal Pradesh in India. I observed the pitch black night sky, when i notice",08-08-2006,,
Open,07/21/2006 01:55,New Delhi (India),,India,Fireball,Huge glowing object spotted at eastern horizon and in the south - west much bigger than the stars and at one - fourth the size of moon.,07/22/2006,,
Open,07/19/2006 00:00,Chandigarh (India),,India,Disk,My friends and i were sitting in the park when i while talking noticed a circilar disk sway around a building next door . I told friend,07/19/2006,,
Open,06-04-2006 23:45,AHMECGARH (India),,India,,IT WAS OUT OF THE WORLD .,06-05-2006,,
Open,04/21/2006 16:30,,,India,Other,Igloo shaped surface UFO,03/29/2023,,
Open,03/31/2006 07:17,Madurai (India),,India,Unknown,"Sir, Tonight at exactly 7.16 p.m (I looked at the time in my cell phone which I had in my hand) while taking my usual walk in the open",03/31/2006,,
Open,01-10-2006 00:00,"Srinagar, Kashmir (India)",,India,Circle,A rotating circular and saucer shaped object changing colour with falshing lights and fast coming down towards the earth.,01-11-2006,,
Open,01-09-2006 03:20,Bangalore (India),,India,Cone,A BRIGHT LIGHT IN THE SKY FOR TWO MIN AND FINALLY IT BECAME INVISIBLE,01-09-2006,,
Open,12/26/2005 19:15,Buldana (India),,India,Light,At 19.15 hrs on 26/12/2005 in Buldana Maharashtra state of India we saw a very bright light(just like a big star)travelling very slowly,01-02-2006,,
Open,12/25/2005 07:20,Ahmedabad-Vadodra Express Highway. Gujarat (India),,India,Fireball,"Yellowish-orange light(seems something was burning)observed in the EAST sky from Ahmedabad -Vadodra Express Highway, Gujarat,India.",12/26/2005,,
Open,12/13/2005 00:00,,,India,Changing,Piece of Moon,12/13/2005,,
Open,11/18/2005 18:32,Meerut (India),,India,Triangle,triangle shape three white light & one red light between the three white light,09/17/2006,,
Open,10/29/2005 08:00,Jamshedpur (India),,India,Other,I saw a ufo which appearerd to be a star to me.,10/29/2005,,
Open,10-12-2005 19:35,Gurgaon (India),,India,Oval,Blue oval ball over Gurgaon sky line,10/14/2005,,
Open,06/25/2005 22:00,Mumbai (India),,India,Circle,Mumbai ufo sighting,06/26/2005,,
Open,03-01-2005 01:25,Chennai (India),,India,Disk,2 crafts near by flying 4 3 mins,03-01-2006,,
Open,01/14/2005 23:00,Bangalore (India),,India,Light,Red Blinking light that travelled at a good speed and made no Sound,01/17/2005,,
Open,12/26/2004 13:30,Coimbatore (India),,India,Disk,Saucer shaped object brown metallic was seen descending just as i was watching the report on sea surges throughout asia thought these,12/27/2004,,
Open,11-12-2004 19:00,Pune (India),,India,Other,"A air craft like sphere in shape , i cant explain what was that, but surely not any plane from earth , it was something like sphere fly",11/13/2004,,
Open,11-05-2004 05:45,Bangalore (India),,India,Chevron,"November 5 2004 , CHEVRON shaped UFO",07/25/2005,,
Open,11-05-2004 05:45,Bangalore (India),,India,Other,"Boomerang/V shaped UFO, atleast as big as boeing747, over Bangalore ,India, on nov 5th 04",11/18/2004,,
Open,10-12-2004 23:00,Delhi (India),,India,Circle,Disk like object sighted in India,06/25/2005,,
Open,10-05-2004 18:35,Palampur (India),,India,Other,while on our evening walk in the hills this umbrella shaped being with what seemed to be its legs slightly above ground startled us,10-05-2004,,
Open,08-03-2004 20:00,Jammu (India),,India,Light,"We saw a star like object,twinkling like a star but with differentiable irregularity and changing location and brightness.The object wa",09-06-2004,,
Open,06/30/2004 00:00,India,,India,Unknown,"Sonic boom and ""red rain"" over India. ((NUFORC Note: Probable hoax from student, we believe. PD))",10/29/2006,,
Open,06/24/2004 01:15,India,,India,Cigar,I saw a cigar shaped craft.,06/25/2004,,
Open,05/20/2004 00:15,Indore (India),,India,Flash,V-shaped light being focus towards sky which would last for 5to 10 sec .,05/20/2004,,
Open,05/15/2004 19:00,Satara (India),,India,Circle,is that natural miracal ?,05/21/2004,,
Open,05-10-2004 20:00,Tamil Nadu-cuddalore (India),,India,Circle,I and my brother saw a spherical object in the size of a criket ball and it color was like moon. It was moving from southeast to south,09-07-2005,,
Open,03/21/2004 02:30,Bangalore (India),,India,Cigar,A bar like object sighted in India which was in a stand still position illuminating light downwards on to ground.,05/22/2004,,
Open,02/13/2004 03:00,Mumbai,,India,Other,for Info. & Images http://vegaclub.com/Unknown.htm ((NUFORC Note: We recommend a visit to the URL indicated here! PD)),02/14/2005,,
Open,01/21/2004 20:15,Bilaspur (India),,India,Triangle,a ufo with bright light.,01/30/2004,,
Open,01-06-2004 19:55,Surat (India),,India,Disk,A bright show of A UFO>,01-06-2004,,
Open,12-02-2003 20:00,Cochin (India),,India,Unknown,The UFO I saw was very high up.At first I thought it was a star but when i looked closer I could make out that it was changing its colo,12-03-2003,,
Open,11/30/2003 02:00,Mumbai (India),,India,Oval,ufo seen in mumbai last fullmoon night,12-02-2003,,
Open,11/24/2003 17:50,Guwahati (India),,India,Light,2 objects in a ziz zag pattern crossing the clear evening sky over Guwahati state capital of Assam India,11/25/2003,,
Open,11/19/2003 00:48,Jaipur (India),,India,Oval,"A group of UFO's were seen, having no lights black and metallic lustre and no shine.",11/22/2003,,
Open,11-02-2003 17:00,Delhi (India),,India,Egg,the eeg shape thing moving with great velocity and glowing completely with white light following a rainbow path,11-02-2003,,
Open,10/28/2003 05:00,Malshej Ghat (India),,India,Fireball,UFOs Sighted in India,10/28/2003,,
Open,10-03-2003 02:30,New Delhi (India),,India,Cylinder,UFO SEEN OVER NEW DELHI (INDIA),10-03-2003,,
Open,09/27/2003 23:00,Kolkata (India),,India,Triangle,the objects moved at great speed but silently and quite low.they were clearly visible,09/30/2003,,
Open,08/30/2003 11:30,Jaipur (India),,India,Disk,"While in Jaipur, India I took a picture which I am emailing to you from atop the City Palace of the opposite hillside. When looking at",09/29/2003,,
Open,08/25/2003 00:15,Sirhind-Ambala (India),,India,Other,Strange symmetrical disk shaped lights,08/26/2003,,
Open,08-07-2003 21:30,"Yamuna Nagar, Haryana (India)",,India,Fireball,It was round fire ball like object was moving around its own place very fastly.,08-11-2003,,
Open,07/27/2003 21:30,"Yamuna Nagar, Haryana (India)",,India,Circle,Strange fire color object seen in sky!!!!!,08/28/2003,,
Open,05/19/2003 21:45,Chennai (India),,India,Other,"Dear Friends, this incident took place on the 19'th of May 2003 when me and my friend David had gone to one of our regular late evening",06-03-2003,,
Open,04/23/2003 06:00,Chandigarh (India),,India,Unknown,an unkown object with a long trail,04/23/2003,,
Open,02-12-2003 01:30,Calcutta (India),,India,Oval,Two shiny UFOS',06/25/2003,,
Open,10/28/2002 02:30,Calcutta (India),,India,Disk,UFO seen from roof.,11/26/2002,,
Open,09/20/2002 20:00,New Delhi (India),,India,Triangle,"UFO seen in Delhi,India",09/23/2002,,
Open,08/21/2002 01:00,,,India,Unknown,I am quoting this incidence from a newspaper. I did'nt see it personally. Just to let you guys. You can follow it in http://timesofindi,08/21/2002,,
Open,08/20/2002 22:00,Tiruvannamalai (India),,India,Circle,light in the sky !,08/31/2003,,
Open,08/17/2002 10:00,Lucknow (India),,India,Other,Refer News paper report as follows : http://timesofindia.indiatimes.com/articleshow.asp?artid=19397236,08/18/2002,,
Open,08-12-2002 18:30,Shabarimala (India),,India,Circle,Periodic occurance,09-07-2003,,
Open,08-12-2002 00:00,Uttar Pradesh (India),,India,Circle,"UFO hurts people in India, and authorities are talking about an ""insect"" or self-injury.",08-12-2002,,
Open,08-06-2002 22:30,Sandila (India),,India,Light,It scratches and gives electric shocks to the people sleeping in open area and flies with a high speed leaving a trail of light.,08-10-2002,,
Open,08-03-2002 00:00,Allahbad (India),,India,,"To Mr Peter Davenport, This is to bring to your notice certain strange experiences that have been happening in the state of Uttar Prade",08/13/2002,,
Open,07/29/2002 00:01,Uttar Pradesh (India),,India,Rectangle,"29th july 2002 uttarpradesh india,it was between 12-4 am when some villagers witnessed a glowing light in the night sky ,due to the ex",08-01-2002,,
Open,06/15/2002 00:00,Patna (India),,India,Circle,"mainly at night,one f.s has always came and hurtd the people.who sleeps at their houses's roof.we are very afraid for this type of devi",08-04-2002,,
Open,01-06-2002 12:00,Mumbai (India),,India,Triangle,"Kite shaped probe in the sky over Bombay, India",08/29/2007,,
Open,12-08-2001 03:46,Ludhiana (India),,India,Unknown,light looked like a shooting star,12-07-2001,,
Open,11/15/2001 19:15,Bangalore (India),,India,Unknown,"At the outset, I would like to make it clear that at the time of the sighting, I had scant knowledge of the internet (way back in 2001)",03-05-2010,,
Open,10/14/2001 22:00,Aurangabad (India),,India,Triangle,It resembles very closely to a delta formation photo on your website.,10/27/2002,,
Open,08/24/2001 04:15,Noida (India),,India,Circle,"it was bright like a star,and yes it was brighter than the other objects around",08/27/2001,,
Open,05/16/2001 00:30,Ahmedabad (India),,India,Sphere,Flaming UFO,06-09-2001,,
Open,05/15/2001 23:59,Delhi (India),,India,Unknown,"In the summer of 2001,in Delhi,(India) and adjoining areas a living being (people call it Monkey man) seen many times,there was a lot o",11-04-2002,,
Open,05/13/2001 23:15,Bangalore (India),,India,Other,"Sighting over Bangalore, India",05/24/2001,,
Open,05-10-2001 22:30,Ghaziabad (India),,India,,"MASKED THAT SCTRACHED &HIT, FLY HIGH &AFFECTED REPORTED LOSS OF BODY CONTROL",05/14/2001,,
Open,05-09-2001 20:40,Bombay (India),,India,,I and my friend were watching the star.suddenly we both saw a big flying object.it was flying above the clouds.it was transparent and h,05-10-2001,,
Open,04/29/2001 04:30,Jalandhar (India),,India,Fireball,The fireball is continously seen here up in the sky at night for last three days. I think that Indian army don't know how to make conta,04/28/2001,,
Open,04/28/2001 22:00,New Delhi (India),,India,Triangle,Triangular metal craft seen in new Delhi around April 2001,06/23/2001,,
Open,04-12-2001 23:30,New Delhi (India),,India,Orb,Red Light in Indian Capital,05/13/2004,,
Open,04-01-2001 19:00,Bangalore (India),,India,,,05/13/2002,,
Open,03/27/2001 21:15,Ambala (India),,India,Fireball,The glowing ball changing colors and moving in different directions.,03/28/2001,,
Open,03/23/2001 02:15,Mumbai (India),,India,Oval,its great green glow.,03/23/2001,,
Open,02/28/2001 19:05,Ahmedabad (India),,India,Egg,"Dear all, Till today I was not believeing in this thing but yesterday we have found really very typical experience at Ahmedabad city in",03-01-2001,,
Open,11-10-2000 00:20,Nasik (India),,India,Unknown,"We were going for an exploratry drive, as we'd arrived in the city on that day itself. My 17 year old cousin, my best friend and I were",11/24/2000,,
Open,10-04-2000 17:00,Goa (India),,India,Other,While driving back from Panji to Goa we observed three peculiar cloud formations stacked one above the other.The sky was clear and the,10-07-2000,,
Open,08/16/2000 22:05,New Delhi (India),,India,Light,Two UFOs sighted in the Southern sky of New Dlehi.,08/16/2000,,
Open,05-12-2000 13:00,"Palakkad,Kerala (India)",,India,Sphere,"Witnessed ufo changing colours on June 12th, 2000 - 6 witnesses",05/20/2001,,
Open,04/19/2000 22:20,Secunderabad (India),,India,Disk,"Sighting of 2 UFO objects in Secunderabad, India, spotted by several other people.",05/15/2000,,
Open,01/22/2000 17:30,Aurangabad.Maharashtra (India),,India,Fireball,NUFORC Note: Witness reports fireball. PD)),10/13/2000,,
Open,12-10-1999 16:30,Cochin (near) (China),,India,Other,"a bullet like object in air very close to earth,so directional and path changing",09/29/2005,,
Open,10/23/1999 05:30,Mumbai (India),,India,Other,It glowed with a redlight in the sky. It moved horizontally and vertically a little. It looked like a star but it wasn't one. I just wo,10/25/1999,,
Open,06-01-1999 19:00,Panaji (India),,India,Light,"In the evening,my friend and I were taking a round of the lake near our house. We spotted a white light flashing in a dark starry and a",06/26/2006,,
Open,04-07-1999 23:00,"Mumbai, MAH (India)",MB,India,Sphere,"We were on out our terrace studying the stars in the night sky, when we heard a loud noise, something like a jet plane.",04-08-1999,,
Open,06-01-1998 22:00,Cochin (India),,India,,"it was ""V"" in shape and had red lights and i t just came acroos the sky and took a steep turn and went off into sky very slowly upwards",04-11-2001,,
Open,05/23/1998 20:00,Kolhapur (India),,India,Egg,when we went to eve walk we saw one egg like thing which is colouries with redium green. and just passed away with speedly.,10/29/2002,,
Open,04/25/1998 08:30,Chandigarh (India),,India,Oval,"Oval shaped, Blinkin' of lights",05/18/2001,,
Open,03/14/1997 18:15,"Trivandrum, Kerala State (India)",,India,Light,"Fast moving bright light seen over Trivandrum, India.",06/20/2007,,
Open,10-02-1994 20:30,New Delhi (India),,India,Other,Hexagonal UFO in Delhi sky,09/19/2005,,
Open,06/15/1994 05:30,Faridabad (India),,India,Sphere,I WAS ALMOST 7 AT THAT TIME. I WAS NOT KNOWING THAT I CAN PRESENT MY VIEWS. MY ELDER BROTHER HAS ALSO SEEN IT. IT WAS A SPHERICAL SHAPE,08/16/2003,,
Open,06/14/1994 19:00,Sultanpur (India),,India,Other,HUMANOID IN SAREE,08-02-2009,,
Open,03-01-1994 03:00,Mumbai (India),,India,Other,A Pterodactyl with a fiery tail,06/21/2006,,
Open,05-05-1993 20:00,Parkal (India),,India,Disk,large formation of lights,02-01-2008,,
Open,04-12-1993 21:00,New Delhi (India),,India,Circle,It was UFO,02-08-2007,,
Open,11/20/1992 01:30,Calcutta (Kolkata) (India),,India,Diamond,A sparkling ball with edges diffusing various coloured fashes.,12/14/2003,,
Open,06-01-1992 00:00,Home Front Compound (India),,India,Disk,I am a Spiritualist who now believes in the unseen: for it is from that nothing - that everything comes. Time to think from the Beyond:,04-01-2011,,
Open,04/14/1991 07:15,Panchgani (India),,India,Other,shooting star like ufo,11/17/2004,,
Open,06/30/1990 18:00,Delhi-33 (India),,India,Triangle,"in 1990-91 a ufo came over my house a-67 indra nagar 6no lane,delhi-33,india V shape ufo with disco lights below small shape ufo small",12/25/2010,,
Open,06/30/1990 18:00,Delhi (India),,India,Triangle,Triangle ufo seen with disco lights below,12/21/2011,,
Open,06-01-1990 18:00,Delhi,,India,Triangle,Saw triangle plane like object over my house standing it has disco lights all over its edges.no noise,12/22/2011,,
Open,01-01-1990 18:00,Delhi (India),,India,Triangle,Saw triangle shape plane with disco lights all over its edges standing over my house,12/31/2011,,
Open,06/30/1988 00:00,CHENNAI CITY (MADRAS) (India),,India,Oval,"Dear all, 05.04.02 On a pleasant evening it was still sun",04-04-2002,,
Open,09/15/1985 02:30,Mumbai (India),,India,Other,UFO SPOTTED 20 YRS BACK. WITNESSES REPORT IT NOW DUE TO FEAR!!!,06/20/2006,,
Open,03/15/1985 23:00,Pune (India),,India,Circle,The object took round around one fixed object at a very high speed. The fixed object might be the place from where these UFO's might be,05/14/2002,,
Open,06/30/1983 20:00,Gomardhi (India),,India,Other,"Faint Star-like object moved from point A to point B, disappeared for some time, appeared again at point B, traveled back to A.",12/26/2016,,
Open,05/15/1982 19:00,PUNE (India),,India,Circle,"I feel that the object was able to sense my mind, illuminated circular object, parabolic motion",05/13/2002,,
Open,04/20/1980 00:00,Hyderabad (India),,India,Other,"Bell shaped Cloud appears over Indian city, three smaller ones appear below it, they all merge together forming a bright orange ball",02/25/2004,,
Open,07/15/1979 15:00,Deoghar (India),,India,Circle,"Multiple white couloured, perfectly round, full-moon like (without spots) objects crossing the sky from east to west....equal sizes.",01-02-2016,,
Open,06/30/1978 20:00,Bhandara (near Nagpur) (India),,India,Fireball,Orange Ball at Northern Sky moving from West to East for a minute,01/20/2008,,
Open,06/30/1978 20:00,Guntur (India),,India,Circle,"Whirls of celestial light,were falling from sky in the late evening,in 1970-80 in India,A.P.,Guntur",05-08-2013,,
Open,01-06-1978 19:00,"Shantineketan, (West Bengal) (India)",,India,Light,A brilliant light moved super fast in the sky and zig zagged away at unearthly speed.,08-03-2002,,
Open,07/15/1977 16:30,"Korba, MP (India)",,India,Unknown,A fast moving low altitude orange colored cloud like object,03-10-2007,,
Open,05-01-1977 19:00,Bhandara (near Nagpur) (India),,India,Fireball,"Orange ball, fast moving at low altitude with no sounds",06/24/2008,,
Open,06/30/1973 00:00,Khada (Gujarat) (India),,India,,"It had been long time 1973 India Gujarat state village Khada. that time, we were sitting out side in open space and notice 2 militar",08/29/2013,,
Open !,05/25/1972 15:33,Dehradun,Uttarakhand,India,Disk,A huge flat silvery white object flew a few feet above me in full speed towards Mussoorie a hill station ahead of Dehradun.,08-05-2023,,
Open,01-10-1963 09:15,"Tambaram, Chennai (India)",Tamil Nadu,India,Sphere,Orb strike against my grandmothers head,01/20/2022,,
Open,06/30/1948 20:00,Ancheli (Gujarat) (India),,India,Fireball,"Late 40's. Brightlight blue light, Lit up 1/2 football field, went over, swoop down, up and straight., Village, INDIA.",08/29/2014,,
Open,,Kolkata (India),,India,Fireball,"It look like it was a shooting star but it was shining brightly in the night sky light, made an old movement, and made a slight sound..",10-05-2019,,
